F11,F12,F13,F21,F22,F23,F31,F32,F33,W,
1,0,0,0,1,0,0,0,1,90.844
1.0003,0,0,0,0.99985,0,0,0,0.99985,90.844
1.0006,0,0,0,0.9997,0,0,0,0.9997,90.844
1.0009,0,0,0,0.99955,0,0,0,0.99955,90.844
1.0012,0,0,0,0.9994,0,0,0,0.9994,90.844
1.0015,0,0,0,0.99925,0,0,0,0.99925,90.844
1.0018,0,0,0,0.9991,0,0,0,0.9991,90.844
1.0021,0,0,0,0.99895,0,0,0,0.99895,90.844
1.0024,0,0,0,0.9988,0,0,0,0.9988,90.844
1.0027,0,0,0,0.99865,0,0,0,0.99865,90.844
1.003,0,0,0,0.9985,0,0,0,0.9985,90.844
1.0033,0,0,0,0.99835,0,0,0,0.99835,90.845
1.0036,0,0,0,0.9982,0,0,0,0.9982,90.845
1.0039,0,0,0,0.99806,0,0,0,0.99806,90.845
1.0042,0,0,0,0.99791,0,0,0,0.99791,90.845
1.0045,0,0,0,0.99776,0,0,0,0.99776,90.845
1.0048,0,0,0,0.99761,0,0,0,0.99761,90.845
1.0051,0,0,0,0.99746,0,0,0,0.99746,90.845
1.0054,0,0,0,0.99731,0,0,0,0.99731,90.846
1.0057,0,0,0,0.99716,0,0,0,0.99716,90.846
1.006,0,0,0,0.99701,0,0,0,0.99701,90.846
1.0063,0,0,0,0.99686,0,0,0,0.99686,90.846
1.0066,0,0,0,0.99672,0,0,0,0.99672,90.847
1.0069,0,0,0,0.99657,0,0,0,0.99657,90.847
1.0072,0,0,0,0.99642,0,0,0,0.99642,90.847
1.0075,0,0,0,0.99627,0,0,0,0.99627,90.847
1.0078,0,0,0,0.99612,0,0,0,0.99612,90.848
1.0081,0,0,0,0.99597,0,0,0,0.99597,90.848
1.0084,0,0,0,0.99583,0,0,0,0.99583,90.848
1.0087,0,0,0,0.99568,0,0,0,0.99568,90.848
1.009,0,0,0,0.99553,0,0,0,0.99553,90.849
1.0093,0,0,0,0.99538,0,0,0,0.99538,90.849
1.0096,0,0,0,0.99523,0,0,0,0.99523,90.849
1.0099,0,0,0,0.99509,0,0,0,0.99509,90.85
1.0102,0,0,0,0.99494,0,0,0,0.99494,90.85
1.0105,0,0,0,0.99479,0,0,0,0.99479,90.85
1.0108,0,0,0,0.99464,0,0,0,0.99464,90.851
1.0111,0,0,0,0.9945,0,0,0,0.9945,90.851
1.0114,0,0,0,0.99435,0,0,0,0.99435,90.852
1.0117,0,0,0,0.9942,0,0,0,0.9942,90.852
1.012,0,0,0,0.99405,0,0,0,0.99405,90.852
1.0123,0,0,0,0.99391,0,0,0,0.99391,90.853
1.0126,0,0,0,0.99376,0,0,0,0.99376,90.853
1.0129,0,0,0,0.99361,0,0,0,0.99361,90.854
1.0132,0,0,0,0.99346,0,0,0,0.99346,90.854
1.0135,0,0,0,0.99332,0,0,0,0.99332,90.855
1.0138,0,0,0,0.99317,0,0,0,0.99317,90.855
1.0141,0,0,0,0.99302,0,0,0,0.99302,90.856
1.0144,0,0,0,0.99288,0,0,0,0.99288,90.856
1.0147,0,0,0,0.99273,0,0,0,0.99273,90.857
1.015,0,0,0,0.99258,0,0,0,0.99258,90.857
1.0153,0,0,0,0.99244,0,0,0,0.99244,90.858
1.0156,0,0,0,0.99229,0,0,0,0.99229,90.858
1.0159,0,0,0,0.99214,0,0,0,0.99214,90.859
1.0162,0,0,0,0.992,0,0,0,0.992,90.859
1.0165,0,0,0,0.99185,0,0,0,0.99185,90.86
1.0168,0,0,0,0.9917,0,0,0,0.9917,90.861
1.0171,0,0,0,0.99156,0,0,0,0.99156,90.861
1.0174,0,0,0,0.99141,0,0,0,0.99141,90.862
1.0177,0,0,0,0.99127,0,0,0,0.99127,90.862
1.018,0,0,0,0.99112,0,0,0,0.99112,90.863
1.0183,0,0,0,0.99097,0,0,0,0.99097,90.864
1.0186,0,0,0,0.99083,0,0,0,0.99083,90.864
1.0189,0,0,0,0.99068,0,0,0,0.99068,90.865
1.0192,0,0,0,0.99054,0,0,0,0.99054,90.866
1.0195,0,0,0,0.99039,0,0,0,0.99039,90.866
1.0198,0,0,0,0.99024,0,0,0,0.99024,90.867
1.0201,0,0,0,0.9901,0,0,0,0.9901,90.868
1.0204,0,0,0,0.98995,0,0,0,0.98995,90.869
1.0207,0,0,0,0.98981,0,0,0,0.98981,90.869
1.021,0,0,0,0.98966,0,0,0,0.98966,90.87
1.0213,0,0,0,0.98952,0,0,0,0.98952,90.871
1.0216,0,0,0,0.98937,0,0,0,0.98937,90.872
1.0219,0,0,0,0.98923,0,0,0,0.98923,90.872
1.0222,0,0,0,0.98908,0,0,0,0.98908,90.873
1.0225,0,0,0,0.98894,0,0,0,0.98894,90.874
1.0228,0,0,0,0.98879,0,0,0,0.98879,90.875
1.0231,0,0,0,0.98865,0,0,0,0.98865,90.875
1.0234,0,0,0,0.9885,0,0,0,0.9885,90.876
1.0237,0,0,0,0.98836,0,0,0,0.98836,90.877
1.024,0,0,0,0.98821,0,0,0,0.98821,90.878
1.0243,0,0,0,0.98807,0,0,0,0.98807,90.879
1.0246,0,0,0,0.98792,0,0,0,0.98792,90.88
1.0249,0,0,0,0.98778,0,0,0,0.98778,90.881
1.0252,0,0,0,0.98763,0,0,0,0.98763,90.881
1.0255,0,0,0,0.98749,0,0,0,0.98749,90.882
1.0258,0,0,0,0.98734,0,0,0,0.98734,90.883
1.0261,0,0,0,0.9872,0,0,0,0.9872,90.884
1.0264,0,0,0,0.98706,0,0,0,0.98706,90.885
1.0267,0,0,0,0.98691,0,0,0,0.98691,90.886
1.027,0,0,0,0.98677,0,0,0,0.98677,90.887
1.0273,0,0,0,0.98662,0,0,0,0.98662,90.888
1.0276,0,0,0,0.98648,0,0,0,0.98648,90.889
1.0279,0,0,0,0.98634,0,0,0,0.98634,90.89
1.0282,0,0,0,0.98619,0,0,0,0.98619,90.891
1.0285,0,0,0,0.98605,0,0,0,0.98605,90.892
1.0288,0,0,0,0.9859,0,0,0,0.9859,90.893
1.0291,0,0,0,0.98576,0,0,0,0.98576,90.894
1.0294,0,0,0,0.98562,0,0,0,0.98562,90.895
1.0297,0,0,0,0.98547,0,0,0,0.98547,90.896
1.03,0,0,0,0.98533,0,0,0,0.98533,90.897
1.0303,0,0,0,0.98519,0,0,0,0.98519,90.898
1.0306,0,0,0,0.98504,0,0,0,0.98504,90.899
1.0309,0,0,0,0.9849,0,0,0,0.9849,90.9
1.0312,0,0,0,0.98476,0,0,0,0.98476,90.901
1.0315,0,0,0,0.98461,0,0,0,0.98461,90.902
1.0318,0,0,0,0.98447,0,0,0,0.98447,90.904
1.0321,0,0,0,0.98433,0,0,0,0.98433,90.905
1.0324,0,0,0,0.98418,0,0,0,0.98418,90.906
1.0327,0,0,0,0.98404,0,0,0,0.98404,90.907
1.033,0,0,0,0.9839,0,0,0,0.9839,90.908
1.0333,0,0,0,0.98375,0,0,0,0.98375,90.909
1.0336,0,0,0,0.98361,0,0,0,0.98361,90.91
1.0339,0,0,0,0.98347,0,0,0,0.98347,90.912
1.0342,0,0,0,0.98333,0,0,0,0.98333,90.913
1.0345,0,0,0,0.98318,0,0,0,0.98318,90.914
1.0348,0,0,0,0.98304,0,0,0,0.98304,90.915
1.0351,0,0,0,0.9829,0,0,0,0.9829,90.917
1.0354,0,0,0,0.98276,0,0,0,0.98276,90.918
1.0357,0,0,0,0.98261,0,0,0,0.98261,90.919
1.036,0,0,0,0.98247,0,0,0,0.98247,90.92
1.0363,0,0,0,0.98233,0,0,0,0.98233,90.922
1.0366,0,0,0,0.98219,0,0,0,0.98219,90.923
1.0369,0,0,0,0.98205,0,0,0,0.98205,90.924
1.0372,0,0,0,0.9819,0,0,0,0.9819,90.925
1.0375,0,0,0,0.98176,0,0,0,0.98176,90.927
1.0378,0,0,0,0.98162,0,0,0,0.98162,90.928
1.0381,0,0,0,0.98148,0,0,0,0.98148,90.929
1.0384,0,0,0,0.98134,0,0,0,0.98134,90.931
1.0387,0,0,0,0.98119,0,0,0,0.98119,90.932
1.039,0,0,0,0.98105,0,0,0,0.98105,90.933
1.0393,0,0,0,0.98091,0,0,0,0.98091,90.935
1.0396,0,0,0,0.98077,0,0,0,0.98077,90.936
1.0399,0,0,0,0.98063,0,0,0,0.98063,90.938
1.0402,0,0,0,0.98049,0,0,0,0.98049,90.939
1.0405,0,0,0,0.98035,0,0,0,0.98035,90.94
1.0408,0,0,0,0.9802,0,0,0,0.9802,90.942
1.0411,0,0,0,0.98006,0,0,0,0.98006,90.943
1.0414,0,0,0,0.97992,0,0,0,0.97992,90.945
1.0417,0,0,0,0.97978,0,0,0,0.97978,90.946
1.042,0,0,0,0.97964,0,0,0,0.97964,90.948
1.0423,0,0,0,0.9795,0,0,0,0.9795,90.949
1.0426,0,0,0,0.97936,0,0,0,0.97936,90.951
1.0429,0,0,0,0.97922,0,0,0,0.97922,90.952
1.0432,0,0,0,0.97908,0,0,0,0.97908,90.954
1.0435,0,0,0,0.97893,0,0,0,0.97893,90.955
1.0438,0,0,0,0.97879,0,0,0,0.97879,90.957
1.0441,0,0,0,0.97865,0,0,0,0.97865,90.958
1.0444,0,0,0,0.97851,0,0,0,0.97851,90.96
1.0447,0,0,0,0.97837,0,0,0,0.97837,90.961
1.045,0,0,0,0.97823,0,0,0,0.97823,90.963
1.0453,0,0,0,0.97809,0,0,0,0.97809,90.965
1.0456,0,0,0,0.97795,0,0,0,0.97795,90.966
1.0459,0,0,0,0.97781,0,0,0,0.97781,90.968
1.0462,0,0,0,0.97767,0,0,0,0.97767,90.969
1.0465,0,0,0,0.97753,0,0,0,0.97753,90.971
1.0468,0,0,0,0.97739,0,0,0,0.97739,90.973
1.0471,0,0,0,0.97725,0,0,0,0.97725,90.974
1.0474,0,0,0,0.97711,0,0,0,0.97711,90.976
1.0477,0,0,0,0.97697,0,0,0,0.97697,90.978
1.048,0,0,0,0.97683,0,0,0,0.97683,90.979
1.0483,0,0,0,0.97669,0,0,0,0.97669,90.981
1.0486,0,0,0,0.97655,0,0,0,0.97655,90.983
1.0489,0,0,0,0.97641,0,0,0,0.97641,90.985
1.0492,0,0,0,0.97627,0,0,0,0.97627,90.986
1.0495,0,0,0,0.97613,0,0,0,0.97613,90.988
1.0498,0,0,0,0.97599,0,0,0,0.97599,90.99
1.0501,0,0,0,0.97585,0,0,0,0.97585,90.992
1.0504,0,0,0,0.97571,0,0,0,0.97571,90.993
1.0507,0,0,0,0.97557,0,0,0,0.97557,90.995
1.051,0,0,0,0.97544,0,0,0,0.97544,90.997
1.0513,0,0,0,0.9753,0,0,0,0.9753,90.999
1.0516,0,0,0,0.97516,0,0,0,0.97516,91
1.0519,0,0,0,0.97502,0,0,0,0.97502,91.002
1.0522,0,0,0,0.97488,0,0,0,0.97488,91.004
1.0525,0,0,0,0.97474,0,0,0,0.97474,91.006
1.0528,0,0,0,0.9746,0,0,0,0.9746,91.008
1.0531,0,0,0,0.97446,0,0,0,0.97446,91.01
1.0534,0,0,0,0.97432,0,0,0,0.97432,91.012
1.0537,0,0,0,0.97419,0,0,0,0.97419,91.013
1.054,0,0,0,0.97405,0,0,0,0.97405,91.015
1.0543,0,0,0,0.97391,0,0,0,0.97391,91.017
1.0546,0,0,0,0.97377,0,0,0,0.97377,91.019
1.0549,0,0,0,0.97363,0,0,0,0.97363,91.021
1.0552,0,0,0,0.97349,0,0,0,0.97349,91.023
1.0555,0,0,0,0.97335,0,0,0,0.97335,91.025
1.0558,0,0,0,0.97322,0,0,0,0.97322,91.027
1.0561,0,0,0,0.97308,0,0,0,0.97308,91.029
1.0564,0,0,0,0.97294,0,0,0,0.97294,91.031
1.0567,0,0,0,0.9728,0,0,0,0.9728,91.033
1.057,0,0,0,0.97266,0,0,0,0.97266,91.035
1.0573,0,0,0,0.97253,0,0,0,0.97253,91.037
1.0576,0,0,0,0.97239,0,0,0,0.97239,91.039
1.0579,0,0,0,0.97225,0,0,0,0.97225,91.041
1.0582,0,0,0,0.97211,0,0,0,0.97211,91.043
1.0585,0,0,0,0.97197,0,0,0,0.97197,91.045
1.0588,0,0,0,0.97184,0,0,0,0.97184,91.047
1.0591,0,0,0,0.9717,0,0,0,0.9717,91.049
1.0594,0,0,0,0.97156,0,0,0,0.97156,91.051
1.0597,0,0,0,0.97142,0,0,0,0.97142,91.054
1.06,0,0,0,0.97129,0,0,0,0.97129,91.056
1.0603,0,0,0,0.97115,0,0,0,0.97115,91.058
1.0606,0,0,0,0.97101,0,0,0,0.97101,91.06
1.0609,0,0,0,0.97087,0,0,0,0.97087,91.062
1.0612,0,0,0,0.97074,0,0,0,0.97074,91.064
1.0615,0,0,0,0.9706,0,0,0,0.9706,91.066
1.0618,0,0,0,0.97046,0,0,0,0.97046,91.069
1.0621,0,0,0,0.97033,0,0,0,0.97033,91.071
1.0624,0,0,0,0.97019,0,0,0,0.97019,91.073
1.0627,0,0,0,0.97005,0,0,0,0.97005,91.075
1.063,0,0,0,0.96991,0,0,0,0.96991,91.077
1.0633,0,0,0,0.96978,0,0,0,0.96978,91.08
1.0636,0,0,0,0.96964,0,0,0,0.96964,91.082
1.0639,0,0,0,0.9695,0,0,0,0.9695,91.084
1.0642,0,0,0,0.96937,0,0,0,0.96937,91.086
1.0645,0,0,0,0.96923,0,0,0,0.96923,91.089
1.0648,0,0,0,0.96909,0,0,0,0.96909,91.091
1.0651,0,0,0,0.96896,0,0,0,0.96896,91.093
1.0654,0,0,0,0.96882,0,0,0,0.96882,91.096
1.0657,0,0,0,0.96868,0,0,0,0.96868,91.098
1.066,0,0,0,0.96855,0,0,0,0.96855,91.1
1.0663,0,0,0,0.96841,0,0,0,0.96841,91.103
1.0666,0,0,0,0.96828,0,0,0,0.96828,91.105
1.0669,0,0,0,0.96814,0,0,0,0.96814,91.107
1.0672,0,0,0,0.968,0,0,0,0.968,91.11
1.0675,0,0,0,0.96787,0,0,0,0.96787,91.112
1.0678,0,0,0,0.96773,0,0,0,0.96773,91.114
1.0681,0,0,0,0.9676,0,0,0,0.9676,91.117
1.0684,0,0,0,0.96746,0,0,0,0.96746,91.119
1.0687,0,0,0,0.96732,0,0,0,0.96732,91.122
1.069,0,0,0,0.96719,0,0,0,0.96719,91.124
1.0693,0,0,0,0.96705,0,0,0,0.96705,91.127
1.0696,0,0,0,0.96692,0,0,0,0.96692,91.129
1.0699,0,0,0,0.96678,0,0,0,0.96678,91.132
1.0702,0,0,0,0.96665,0,0,0,0.96665,91.134
1.0705,0,0,0,0.96651,0,0,0,0.96651,91.137
1.0708,0,0,0,0.96638,0,0,0,0.96638,91.139
1.0711,0,0,0,0.96624,0,0,0,0.96624,91.142
1.0714,0,0,0,0.9661,0,0,0,0.9661,91.144
1.0717,0,0,0,0.96597,0,0,0,0.96597,91.147
1.072,0,0,0,0.96583,0,0,0,0.96583,91.149
1.0723,0,0,0,0.9657,0,0,0,0.9657,91.152
1.0726,0,0,0,0.96556,0,0,0,0.96556,91.154
1.0729,0,0,0,0.96543,0,0,0,0.96543,91.157
1.0732,0,0,0,0.96529,0,0,0,0.96529,91.16
1.0735,0,0,0,0.96516,0,0,0,0.96516,91.162
1.0738,0,0,0,0.96502,0,0,0,0.96502,91.165
1.0741,0,0,0,0.96489,0,0,0,0.96489,91.167
1.0744,0,0,0,0.96475,0,0,0,0.96475,91.17
1.0747,0,0,0,0.96462,0,0,0,0.96462,91.173
1.075,0,0,0,0.96449,0,0,0,0.96449,91.175
1.0753,0,0,0,0.96435,0,0,0,0.96435,91.178
1.0756,0,0,0,0.96422,0,0,0,0.96422,91.181
1.0759,0,0,0,0.96408,0,0,0,0.96408,91.183
1.0762,0,0,0,0.96395,0,0,0,0.96395,91.186
1.0765,0,0,0,0.96381,0,0,0,0.96381,91.189
1.0768,0,0,0,0.96368,0,0,0,0.96368,91.192
1.0771,0,0,0,0.96354,0,0,0,0.96354,91.194
1.0774,0,0,0,0.96341,0,0,0,0.96341,91.197
1.0777,0,0,0,0.96328,0,0,0,0.96328,91.2
1.078,0,0,0,0.96314,0,0,0,0.96314,91.203
1.0783,0,0,0,0.96301,0,0,0,0.96301,91.205
1.0786,0,0,0,0.96287,0,0,0,0.96287,91.208
1.0789,0,0,0,0.96274,0,0,0,0.96274,91.211
1.0792,0,0,0,0.96261,0,0,0,0.96261,91.214
1.0795,0,0,0,0.96247,0,0,0,0.96247,91.217
1.0798,0,0,0,0.96234,0,0,0,0.96234,91.22
1.0801,0,0,0,0.96221,0,0,0,0.96221,91.222
1.0804,0,0,0,0.96207,0,0,0,0.96207,91.225
1.0807,0,0,0,0.96194,0,0,0,0.96194,91.228
1.081,0,0,0,0.96181,0,0,0,0.96181,91.231
1.0813,0,0,0,0.96167,0,0,0,0.96167,91.234
1.0816,0,0,0,0.96154,0,0,0,0.96154,91.237
1.0819,0,0,0,0.96141,0,0,0,0.96141,91.24
1.0822,0,0,0,0.96127,0,0,0,0.96127,91.243
1.0825,0,0,0,0.96114,0,0,0,0.96114,91.246
1.0828,0,0,0,0.96101,0,0,0,0.96101,91.249
1.0831,0,0,0,0.96087,0,0,0,0.96087,91.252
1.0834,0,0,0,0.96074,0,0,0,0.96074,91.255
1.0837,0,0,0,0.96061,0,0,0,0.96061,91.258
1.084,0,0,0,0.96047,0,0,0,0.96047,91.261
1.0843,0,0,0,0.96034,0,0,0,0.96034,91.264
1.0846,0,0,0,0.96021,0,0,0,0.96021,91.267
1.0849,0,0,0,0.96007,0,0,0,0.96007,91.27
1.0852,0,0,0,0.95994,0,0,0,0.95994,91.273
1.0855,0,0,0,0.95981,0,0,0,0.95981,91.276
1.0858,0,0,0,0.95968,0,0,0,0.95968,91.279
1.0861,0,0,0,0.95954,0,0,0,0.95954,91.282
1.0864,0,0,0,0.95941,0,0,0,0.95941,91.285
1.0867,0,0,0,0.95928,0,0,0,0.95928,91.288
1.087,0,0,0,0.95915,0,0,0,0.95915,91.291
1.0873,0,0,0,0.95901,0,0,0,0.95901,91.295
1.0876,0,0,0,0.95888,0,0,0,0.95888,91.298
1.0879,0,0,0,0.95875,0,0,0,0.95875,91.301
1.0882,0,0,0,0.95862,0,0,0,0.95862,91.304
1.0885,0,0,0,0.95849,0,0,0,0.95849,91.307
1.0888,0,0,0,0.95835,0,0,0,0.95835,91.31
1.0891,0,0,0,0.95822,0,0,0,0.95822,91.314
1.0894,0,0,0,0.95809,0,0,0,0.95809,91.317
1.0897,0,0,0,0.95796,0,0,0,0.95796,91.32
1.09,0,0,0,0.95783,0,0,0,0.95783,91.323
1.0903,0,0,0,0.95769,0,0,0,0.95769,91.327
1.0906,0,0,0,0.95756,0,0,0,0.95756,91.33
1.0909,0,0,0,0.95743,0,0,0,0.95743,91.333
1.0912,0,0,0,0.9573,0,0,0,0.9573,91.337
1.0915,0,0,0,0.95717,0,0,0,0.95717,91.34
1.0918,0,0,0,0.95704,0,0,0,0.95704,91.343
1.0921,0,0,0,0.9569,0,0,0,0.9569,91.346
1.0924,0,0,0,0.95677,0,0,0,0.95677,91.35
1.0927,0,0,0,0.95664,0,0,0,0.95664,91.353
1.093,0,0,0,0.95651,0,0,0,0.95651,91.357
1.0933,0,0,0,0.95638,0,0,0,0.95638,91.36
1.0936,0,0,0,0.95625,0,0,0,0.95625,91.363
1.0939,0,0,0,0.95612,0,0,0,0.95612,91.367
1.0942,0,0,0,0.95599,0,0,0,0.95599,91.37
1.0945,0,0,0,0.95586,0,0,0,0.95586,91.374
1.0948,0,0,0,0.95572,0,0,0,0.95572,91.377
1.0951,0,0,0,0.95559,0,0,0,0.95559,91.38
1.0954,0,0,0,0.95546,0,0,0,0.95546,91.384
1.0957,0,0,0,0.95533,0,0,0,0.95533,91.387
1.096,0,0,0,0.9552,0,0,0,0.9552,91.391
1.0963,0,0,0,0.95507,0,0,0,0.95507,91.394
1.0966,0,0,0,0.95494,0,0,0,0.95494,91.398
1.0969,0,0,0,0.95481,0,0,0,0.95481,91.401
1.0972,0,0,0,0.95468,0,0,0,0.95468,91.405
1.0975,0,0,0,0.95455,0,0,0,0.95455,91.409
1.0978,0,0,0,0.95442,0,0,0,0.95442,91.412
1.0981,0,0,0,0.95429,0,0,0,0.95429,91.416
1.0984,0,0,0,0.95416,0,0,0,0.95416,91.419
1.0987,0,0,0,0.95403,0,0,0,0.95403,91.423
1.099,0,0,0,0.9539,0,0,0,0.9539,91.427
1.0993,0,0,0,0.95377,0,0,0,0.95377,91.43
1.0996,0,0,0,0.95364,0,0,0,0.95364,91.434
1.0999,0,0,0,0.95351,0,0,0,0.95351,91.437
1.1002,0,0,0,0.95338,0,0,0,0.95338,91.441
1.1005,0,0,0,0.95325,0,0,0,0.95325,91.445
1.1008,0,0,0,0.95312,0,0,0,0.95312,91.449
1.1011,0,0,0,0.95299,0,0,0,0.95299,91.452
1.1014,0,0,0,0.95286,0,0,0,0.95286,91.456
1.1017,0,0,0,0.95273,0,0,0,0.95273,91.46
1.102,0,0,0,0.9526,0,0,0,0.9526,91.463
1.1023,0,0,0,0.95247,0,0,0,0.95247,91.467
1.1026,0,0,0,0.95234,0,0,0,0.95234,91.471
1.1029,0,0,0,0.95221,0,0,0,0.95221,91.475
1.1032,0,0,0,0.95208,0,0,0,0.95208,91.479
1.1035,0,0,0,0.95195,0,0,0,0.95195,91.482
1.1038,0,0,0,0.95182,0,0,0,0.95182,91.486
1.1041,0,0,0,0.95169,0,0,0,0.95169,91.49
1.1044,0,0,0,0.95156,0,0,0,0.95156,91.494
1.1047,0,0,0,0.95143,0,0,0,0.95143,91.498
1.105,0,0,0,0.9513,0,0,0,0.9513,91.502
1.1053,0,0,0,0.95117,0,0,0,0.95117,91.505
1.1056,0,0,0,0.95104,0,0,0,0.95104,91.509
1.1059,0,0,0,0.95092,0,0,0,0.95092,91.513
1.1062,0,0,0,0.95079,0,0,0,0.95079,91.517
1.1065,0,0,0,0.95066,0,0,0,0.95066,91.521
1.1068,0,0,0,0.95053,0,0,0,0.95053,91.525
1.1071,0,0,0,0.9504,0,0,0,0.9504,91.529
1.1074,0,0,0,0.95027,0,0,0,0.95027,91.533
1.1077,0,0,0,0.95014,0,0,0,0.95014,91.537
1.108,0,0,0,0.95001,0,0,0,0.95001,91.541
1.1083,0,0,0,0.94989,0,0,0,0.94989,91.545
1.1086,0,0,0,0.94976,0,0,0,0.94976,91.549
1.1089,0,0,0,0.94963,0,0,0,0.94963,91.553
1.1092,0,0,0,0.9495,0,0,0,0.9495,91.557
1.1095,0,0,0,0.94937,0,0,0,0.94937,91.561
1.1098,0,0,0,0.94924,0,0,0,0.94924,91.565
1.1101,0,0,0,0.94912,0,0,0,0.94912,91.57
1.1104,0,0,0,0.94899,0,0,0,0.94899,91.574
1.1107,0,0,0,0.94886,0,0,0,0.94886,91.578
1.111,0,0,0,0.94873,0,0,0,0.94873,91.582
1.1113,0,0,0,0.9486,0,0,0,0.9486,91.586
1.1116,0,0,0,0.94847,0,0,0,0.94847,91.59
1.1119,0,0,0,0.94835,0,0,0,0.94835,91.594
1.1122,0,0,0,0.94822,0,0,0,0.94822,91.599
1.1125,0,0,0,0.94809,0,0,0,0.94809,91.603
1.1128,0,0,0,0.94796,0,0,0,0.94796,91.607
1.1131,0,0,0,0.94784,0,0,0,0.94784,91.611
1.1134,0,0,0,0.94771,0,0,0,0.94771,91.616
1.1137,0,0,0,0.94758,0,0,0,0.94758,91.62
1.114,0,0,0,0.94745,0,0,0,0.94745,91.624
1.1143,0,0,0,0.94732,0,0,0,0.94732,91.628
1.1146,0,0,0,0.9472,0,0,0,0.9472,91.633
1.1149,0,0,0,0.94707,0,0,0,0.94707,91.637
1.1152,0,0,0,0.94694,0,0,0,0.94694,91.641
1.1155,0,0,0,0.94682,0,0,0,0.94682,91.646
1.1158,0,0,0,0.94669,0,0,0,0.94669,91.65
1.1161,0,0,0,0.94656,0,0,0,0.94656,91.654
1.1164,0,0,0,0.94643,0,0,0,0.94643,91.659
1.1167,0,0,0,0.94631,0,0,0,0.94631,91.663
1.117,0,0,0,0.94618,0,0,0,0.94618,91.668
1.1173,0,0,0,0.94605,0,0,0,0.94605,91.672
1.1176,0,0,0,0.94593,0,0,0,0.94593,91.677
1.1179,0,0,0,0.9458,0,0,0,0.9458,91.681
1.1182,0,0,0,0.94567,0,0,0,0.94567,91.685
1.1185,0,0,0,0.94554,0,0,0,0.94554,91.69
1.1188,0,0,0,0.94542,0,0,0,0.94542,91.694
1.1191,0,0,0,0.94529,0,0,0,0.94529,91.699
1.1194,0,0,0,0.94516,0,0,0,0.94516,91.704
1.1197,0,0,0,0.94504,0,0,0,0.94504,91.708
1.12,0,0,0,0.94491,0,0,0,0.94491,91.713
1.1203,0,0,0,0.94478,0,0,0,0.94478,91.717
1.1206,0,0,0,0.94466,0,0,0,0.94466,91.722
1.1209,0,0,0,0.94453,0,0,0,0.94453,91.726
1.1212,0,0,0,0.94441,0,0,0,0.94441,91.731
1.1215,0,0,0,0.94428,0,0,0,0.94428,91.736
1.1218,0,0,0,0.94415,0,0,0,0.94415,91.74
1.1221,0,0,0,0.94403,0,0,0,0.94403,91.745
1.1224,0,0,0,0.9439,0,0,0,0.9439,91.75
1.1227,0,0,0,0.94377,0,0,0,0.94377,91.754
1.123,0,0,0,0.94365,0,0,0,0.94365,91.759
1.1233,0,0,0,0.94352,0,0,0,0.94352,91.764
1.1236,0,0,0,0.9434,0,0,0,0.9434,91.769
1.1239,0,0,0,0.94327,0,0,0,0.94327,91.773
1.1242,0,0,0,0.94314,0,0,0,0.94314,91.778
1.1245,0,0,0,0.94302,0,0,0,0.94302,91.783
1.1248,0,0,0,0.94289,0,0,0,0.94289,91.788
1.1251,0,0,0,0.94277,0,0,0,0.94277,91.792
1.1254,0,0,0,0.94264,0,0,0,0.94264,91.797
1.1257,0,0,0,0.94252,0,0,0,0.94252,91.802
1.126,0,0,0,0.94239,0,0,0,0.94239,91.807
1.1263,0,0,0,0.94226,0,0,0,0.94226,91.812
1.1266,0,0,0,0.94214,0,0,0,0.94214,91.817
1.1269,0,0,0,0.94201,0,0,0,0.94201,91.822
1.1272,0,0,0,0.94189,0,0,0,0.94189,91.827
1.1275,0,0,0,0.94176,0,0,0,0.94176,91.832
1.1278,0,0,0,0.94164,0,0,0,0.94164,91.837
1.1281,0,0,0,0.94151,0,0,0,0.94151,91.841
1.1284,0,0,0,0.94139,0,0,0,0.94139,91.846
1.1287,0,0,0,0.94126,0,0,0,0.94126,91.851
1.129,0,0,0,0.94114,0,0,0,0.94114,91.856
1.1293,0,0,0,0.94101,0,0,0,0.94101,91.862
1.1296,0,0,0,0.94089,0,0,0,0.94089,91.867
1.1299,0,0,0,0.94076,0,0,0,0.94076,91.872
1.1302,0,0,0,0.94064,0,0,0,0.94064,91.877
1.1305,0,0,0,0.94051,0,0,0,0.94051,91.882
1.1308,0,0,0,0.94039,0,0,0,0.94039,91.887
1.1311,0,0,0,0.94026,0,0,0,0.94026,91.892
1.1314,0,0,0,0.94014,0,0,0,0.94014,91.897
1.1317,0,0,0,0.94001,0,0,0,0.94001,91.902
1.132,0,0,0,0.93989,0,0,0,0.93989,91.908
1.1323,0,0,0,0.93976,0,0,0,0.93976,91.913
1.1326,0,0,0,0.93964,0,0,0,0.93964,91.918
1.1329,0,0,0,0.93952,0,0,0,0.93952,91.923
1.1332,0,0,0,0.93939,0,0,0,0.93939,91.928
1.1335,0,0,0,0.93927,0,0,0,0.93927,91.934
1.1338,0,0,0,0.93914,0,0,0,0.93914,91.939
1.1341,0,0,0,0.93902,0,0,0,0.93902,91.944
1.1344,0,0,0,0.93889,0,0,0,0.93889,91.95
1.1347,0,0,0,0.93877,0,0,0,0.93877,91.955
1.135,0,0,0,0.93865,0,0,0,0.93865,91.96
1.1353,0,0,0,0.93852,0,0,0,0.93852,91.966
1.1356,0,0,0,0.9384,0,0,0,0.9384,91.971
1.1359,0,0,0,0.93827,0,0,0,0.93827,91.976
1.1362,0,0,0,0.93815,0,0,0,0.93815,91.982
1.1365,0,0,0,0.93803,0,0,0,0.93803,91.987
1.1368,0,0,0,0.9379,0,0,0,0.9379,91.993
1.1371,0,0,0,0.93778,0,0,0,0.93778,91.998
1.1374,0,0,0,0.93766,0,0,0,0.93766,92.004
1.1377,0,0,0,0.93753,0,0,0,0.93753,92.009
1.138,0,0,0,0.93741,0,0,0,0.93741,92.014
1.1383,0,0,0,0.93728,0,0,0,0.93728,92.02
1.1386,0,0,0,0.93716,0,0,0,0.93716,92.026
1.1389,0,0,0,0.93704,0,0,0,0.93704,92.031
1.1392,0,0,0,0.93691,0,0,0,0.93691,92.037
1.1395,0,0,0,0.93679,0,0,0,0.93679,92.042
1.1398,0,0,0,0.93667,0,0,0,0.93667,92.048
1.1401,0,0,0,0.93654,0,0,0,0.93654,92.054
1.1404,0,0,0,0.93642,0,0,0,0.93642,92.059
1.1407,0,0,0,0.9363,0,0,0,0.9363,92.065
1.141,0,0,0,0.93618,0,0,0,0.93618,92.071
1.1413,0,0,0,0.93605,0,0,0,0.93605,92.076
1.1416,0,0,0,0.93593,0,0,0,0.93593,92.082
1.1419,0,0,0,0.93581,0,0,0,0.93581,92.088
1.1422,0,0,0,0.93568,0,0,0,0.93568,92.093
1.1425,0,0,0,0.93556,0,0,0,0.93556,92.099
1.1428,0,0,0,0.93544,0,0,0,0.93544,92.105
1.1431,0,0,0,0.93531,0,0,0,0.93531,92.111
1.1434,0,0,0,0.93519,0,0,0,0.93519,92.117
1.1437,0,0,0,0.93507,0,0,0,0.93507,92.122
1.144,0,0,0,0.93495,0,0,0,0.93495,92.128
1.1443,0,0,0,0.93482,0,0,0,0.93482,92.134
1.1446,0,0,0,0.9347,0,0,0,0.9347,92.14
1.1449,0,0,0,0.93458,0,0,0,0.93458,92.146
1.1452,0,0,0,0.93446,0,0,0,0.93446,92.152
1.1455,0,0,0,0.93433,0,0,0,0.93433,92.158
1.1458,0,0,0,0.93421,0,0,0,0.93421,92.164
1.1461,0,0,0,0.93409,0,0,0,0.93409,92.17
1.1464,0,0,0,0.93397,0,0,0,0.93397,92.176
1.1467,0,0,0,0.93385,0,0,0,0.93385,92.182
1.147,0,0,0,0.93372,0,0,0,0.93372,92.188
1.1473,0,0,0,0.9336,0,0,0,0.9336,92.194
1.1476,0,0,0,0.93348,0,0,0,0.93348,92.2
1.1479,0,0,0,0.93336,0,0,0,0.93336,92.206
1.1482,0,0,0,0.93324,0,0,0,0.93324,92.212
1.1485,0,0,0,0.93311,0,0,0,0.93311,92.218
1.1488,0,0,0,0.93299,0,0,0,0.93299,92.225
1.1491,0,0,0,0.93287,0,0,0,0.93287,92.231
1.1494,0,0,0,0.93275,0,0,0,0.93275,92.237
1.1497,0,0,0,0.93263,0,0,0,0.93263,92.243
1.15,0,0,0,0.9325,0,0,0,0.9325,92.249
1.1503,0,0,0,0.93238,0,0,0,0.93238,92.256
1.1506,0,0,0,0.93226,0,0,0,0.93226,92.262
1.1509,0,0,0,0.93214,0,0,0,0.93214,92.268
1.1512,0,0,0,0.93202,0,0,0,0.93202,92.275
1.1515,0,0,0,0.9319,0,0,0,0.9319,92.281
1.1518,0,0,0,0.93178,0,0,0,0.93178,92.287
1.1521,0,0,0,0.93165,0,0,0,0.93165,92.294
1.1524,0,0,0,0.93153,0,0,0,0.93153,92.3
1.1527,0,0,0,0.93141,0,0,0,0.93141,92.306
1.153,0,0,0,0.93129,0,0,0,0.93129,92.313
1.1533,0,0,0,0.93117,0,0,0,0.93117,92.319
1.1536,0,0,0,0.93105,0,0,0,0.93105,92.326
1.1539,0,0,0,0.93093,0,0,0,0.93093,92.332
1.1542,0,0,0,0.93081,0,0,0,0.93081,92.339
1.1545,0,0,0,0.93069,0,0,0,0.93069,92.345
1.1548,0,0,0,0.93056,0,0,0,0.93056,92.352
1.1551,0,0,0,0.93044,0,0,0,0.93044,92.358
1.1554,0,0,0,0.93032,0,0,0,0.93032,92.365
1.1557,0,0,0,0.9302,0,0,0,0.9302,92.372
1.156,0,0,0,0.93008,0,0,0,0.93008,92.378
1.1563,0,0,0,0.92996,0,0,0,0.92996,92.385
1.1566,0,0,0,0.92984,0,0,0,0.92984,92.392
1.1569,0,0,0,0.92972,0,0,0,0.92972,92.398
1.1572,0,0,0,0.9296,0,0,0,0.9296,92.405
1.1575,0,0,0,0.92948,0,0,0,0.92948,92.412
1.1578,0,0,0,0.92936,0,0,0,0.92936,92.418
1.1581,0,0,0,0.92924,0,0,0,0.92924,92.425
1.1584,0,0,0,0.92912,0,0,0,0.92912,92.432
1.1587,0,0,0,0.929,0,0,0,0.929,92.439
1.159,0,0,0,0.92888,0,0,0,0.92888,92.446
1.1593,0,0,0,0.92876,0,0,0,0.92876,92.453
1.1596,0,0,0,0.92864,0,0,0,0.92864,92.459
1.1599,0,0,0,0.92852,0,0,0,0.92852,92.466
1.1602,0,0,0,0.9284,0,0,0,0.9284,92.473
1.1605,0,0,0,0.92828,0,0,0,0.92828,92.48
1.1608,0,0,0,0.92816,0,0,0,0.92816,92.487
1.1611,0,0,0,0.92804,0,0,0,0.92804,92.494
1.1614,0,0,0,0.92792,0,0,0,0.92792,92.501
1.1617,0,0,0,0.9278,0,0,0,0.9278,92.508
1.162,0,0,0,0.92768,0,0,0,0.92768,92.515
1.1623,0,0,0,0.92756,0,0,0,0.92756,92.522
1.1626,0,0,0,0.92744,0,0,0,0.92744,92.53
1.1629,0,0,0,0.92732,0,0,0,0.92732,92.537
1.1632,0,0,0,0.9272,0,0,0,0.9272,92.544
1.1635,0,0,0,0.92708,0,0,0,0.92708,92.551
1.1638,0,0,0,0.92696,0,0,0,0.92696,92.558
1.1641,0,0,0,0.92684,0,0,0,0.92684,92.565
1.1644,0,0,0,0.92672,0,0,0,0.92672,92.573
1.1647,0,0,0,0.9266,0,0,0,0.9266,92.58
1.165,0,0,0,0.92648,0,0,0,0.92648,92.587
1.1653,0,0,0,0.92636,0,0,0,0.92636,92.595
1.1656,0,0,0,0.92624,0,0,0,0.92624,92.602
1.1659,0,0,0,0.92612,0,0,0,0.92612,92.609
1.1662,0,0,0,0.92601,0,0,0,0.92601,92.617
1.1665,0,0,0,0.92589,0,0,0,0.92589,92.624
1.1668,0,0,0,0.92577,0,0,0,0.92577,92.632
1.1671,0,0,0,0.92565,0,0,0,0.92565,92.639
1.1674,0,0,0,0.92553,0,0,0,0.92553,92.646
1.1677,0,0,0,0.92541,0,0,0,0.92541,92.654
1.168,0,0,0,0.92529,0,0,0,0.92529,92.662
1.1683,0,0,0,0.92517,0,0,0,0.92517,92.669
1.1686,0,0,0,0.92505,0,0,0,0.92505,92.677
1.1689,0,0,0,0.92494,0,0,0,0.92494,92.684
1.1692,0,0,0,0.92482,0,0,0,0.92482,92.692
1.1695,0,0,0,0.9247,0,0,0,0.9247,92.7
1.1698,0,0,0,0.92458,0,0,0,0.92458,92.707
1.1701,0,0,0,0.92446,0,0,0,0.92446,92.715
1.1704,0,0,0,0.92434,0,0,0,0.92434,92.723
1.1707,0,0,0,0.92422,0,0,0,0.92422,92.73
1.171,0,0,0,0.92411,0,0,0,0.92411,92.738
1.1713,0,0,0,0.92399,0,0,0,0.92399,92.746
1.1716,0,0,0,0.92387,0,0,0,0.92387,92.754
1.1719,0,0,0,0.92375,0,0,0,0.92375,92.762
1.1722,0,0,0,0.92363,0,0,0,0.92363,92.769
1.1725,0,0,0,0.92351,0,0,0,0.92351,92.777
1.1728,0,0,0,0.9234,0,0,0,0.9234,92.785
1.1731,0,0,0,0.92328,0,0,0,0.92328,92.793
1.1734,0,0,0,0.92316,0,0,0,0.92316,92.801
1.1737,0,0,0,0.92304,0,0,0,0.92304,92.809
1.174,0,0,0,0.92292,0,0,0,0.92292,92.817
1.1743,0,0,0,0.92281,0,0,0,0.92281,92.825
1.1746,0,0,0,0.92269,0,0,0,0.92269,92.833
1.1749,0,0,0,0.92257,0,0,0,0.92257,92.842
1.1752,0,0,0,0.92245,0,0,0,0.92245,92.85
1.1755,0,0,0,0.92233,0,0,0,0.92233,92.858
1.1758,0,0,0,0.92222,0,0,0,0.92222,92.866
1.1761,0,0,0,0.9221,0,0,0,0.9221,92.874
1.1764,0,0,0,0.92198,0,0,0,0.92198,92.882
1.1767,0,0,0,0.92186,0,0,0,0.92186,92.891
1.177,0,0,0,0.92175,0,0,0,0.92175,92.899
1.1773,0,0,0,0.92163,0,0,0,0.92163,92.907
1.1776,0,0,0,0.92151,0,0,0,0.92151,92.916
1.1779,0,0,0,0.92139,0,0,0,0.92139,92.924
1.1782,0,0,0,0.92128,0,0,0,0.92128,92.932
1.1785,0,0,0,0.92116,0,0,0,0.92116,92.941
1.1788,0,0,0,0.92104,0,0,0,0.92104,92.949
1.1791,0,0,0,0.92093,0,0,0,0.92093,92.958
1.1794,0,0,0,0.92081,0,0,0,0.92081,92.966
1.1797,0,0,0,0.92069,0,0,0,0.92069,92.975
1.18,0,0,0,0.92057,0,0,0,0.92057,92.983
1.1803,0,0,0,0.92046,0,0,0,0.92046,92.992
1.1806,0,0,0,0.92034,0,0,0,0.92034,93.001
1.1809,0,0,0,0.92022,0,0,0,0.92022,93.009
1.1812,0,0,0,0.92011,0,0,0,0.92011,93.018
1.1815,0,0,0,0.91999,0,0,0,0.91999,93.027
1.1818,0,0,0,0.91987,0,0,0,0.91987,93.036
1.1821,0,0,0,0.91976,0,0,0,0.91976,93.044
1.1824,0,0,0,0.91964,0,0,0,0.91964,93.053
1.1827,0,0,0,0.91952,0,0,0,0.91952,93.062
1.183,0,0,0,0.91941,0,0,0,0.91941,93.071
1.1833,0,0,0,0.91929,0,0,0,0.91929,93.08
1.1836,0,0,0,0.91917,0,0,0,0.91917,93.089
1.1839,0,0,0,0.91906,0,0,0,0.91906,93.098
1.1842,0,0,0,0.91894,0,0,0,0.91894,93.107
1.1845,0,0,0,0.91882,0,0,0,0.91882,93.116
1.1848,0,0,0,0.91871,0,0,0,0.91871,93.125
1.1851,0,0,0,0.91859,0,0,0,0.91859,93.134
1.1854,0,0,0,0.91848,0,0,0,0.91848,93.143
1.1857,0,0,0,0.91836,0,0,0,0.91836,93.152
1.186,0,0,0,0.91824,0,0,0,0.91824,93.161
1.1863,0,0,0,0.91813,0,0,0,0.91813,93.17
1.1866,0,0,0,0.91801,0,0,0,0.91801,93.179
1.1869,0,0,0,0.91789,0,0,0,0.91789,93.189
1.1872,0,0,0,0.91778,0,0,0,0.91778,93.198
1.1875,0,0,0,0.91766,0,0,0,0.91766,93.207
1.1878,0,0,0,0.91755,0,0,0,0.91755,93.217
1.1881,0,0,0,0.91743,0,0,0,0.91743,93.226
1.1884,0,0,0,0.91732,0,0,0,0.91732,93.236
1.1887,0,0,0,0.9172,0,0,0,0.9172,93.245
1.189,0,0,0,0.91708,0,0,0,0.91708,93.254
1.1893,0,0,0,0.91697,0,0,0,0.91697,93.264
1.1896,0,0,0,0.91685,0,0,0,0.91685,93.274
1.1899,0,0,0,0.91674,0,0,0,0.91674,93.283
1.1902,0,0,0,0.91662,0,0,0,0.91662,93.293
1.1905,0,0,0,0.91651,0,0,0,0.91651,93.302
1.1908,0,0,0,0.91639,0,0,0,0.91639,93.312
1.1911,0,0,0,0.91628,0,0,0,0.91628,93.322
1.1914,0,0,0,0.91616,0,0,0,0.91616,93.331
1.1917,0,0,0,0.91604,0,0,0,0.91604,93.341
1.192,0,0,0,0.91593,0,0,0,0.91593,93.351
1.1923,0,0,0,0.91581,0,0,0,0.91581,93.361
1.1926,0,0,0,0.9157,0,0,0,0.9157,93.371
1.1929,0,0,0,0.91558,0,0,0,0.91558,93.381
1.1932,0,0,0,0.91547,0,0,0,0.91547,93.391
1.1935,0,0,0,0.91535,0,0,0,0.91535,93.401
1.1938,0,0,0,0.91524,0,0,0,0.91524,93.411
1.1941,0,0,0,0.91512,0,0,0,0.91512,93.421
1.1944,0,0,0,0.91501,0,0,0,0.91501,93.431
1.1947,0,0,0,0.91489,0,0,0,0.91489,93.441
1.195,0,0,0,0.91478,0,0,0,0.91478,93.451
1.1953,0,0,0,0.91466,0,0,0,0.91466,93.461
1.1956,0,0,0,0.91455,0,0,0,0.91455,93.472
1.1959,0,0,0,0.91443,0,0,0,0.91443,93.482
1.1962,0,0,0,0.91432,0,0,0,0.91432,93.492
1.1965,0,0,0,0.91421,0,0,0,0.91421,93.502
1.1968,0,0,0,0.91409,0,0,0,0.91409,93.513
1.1971,0,0,0,0.91398,0,0,0,0.91398,93.523
1.1974,0,0,0,0.91386,0,0,0,0.91386,93.534
1.1977,0,0,0,0.91375,0,0,0,0.91375,93.544
1.198,0,0,0,0.91363,0,0,0,0.91363,93.555
1.1983,0,0,0,0.91352,0,0,0,0.91352,93.565
1.1986,0,0,0,0.9134,0,0,0,0.9134,93.576
1.1989,0,0,0,0.91329,0,0,0,0.91329,93.586
1.1992,0,0,0,0.91318,0,0,0,0.91318,93.597
1.1995,0,0,0,0.91306,0,0,0,0.91306,93.608
1.1998,0,0,0,0.91295,0,0,0,0.91295,93.619
1.2001,0,0,0,0.91283,0,0,0,0.91283,93.629
1.2004,0,0,0,0.91272,0,0,0,0.91272,93.64
1.2007,0,0,0,0.9126,0,0,0,0.9126,93.651
1.201,0,0,0,0.91249,0,0,0,0.91249,93.662
1.2013,0,0,0,0.91238,0,0,0,0.91238,93.673
1.2016,0,0,0,0.91226,0,0,0,0.91226,93.684
1.2019,0,0,0,0.91215,0,0,0,0.91215,93.695
1.2022,0,0,0,0.91204,0,0,0,0.91204,93.706
1.2025,0,0,0,0.91192,0,0,0,0.91192,93.717
1.2028,0,0,0,0.91181,0,0,0,0.91181,93.728
1.2031,0,0,0,0.91169,0,0,0,0.91169,93.739
1.2034,0,0,0,0.91158,0,0,0,0.91158,93.751
1.2037,0,0,0,0.91147,0,0,0,0.91147,93.762
1.204,0,0,0,0.91135,0,0,0,0.91135,93.773
1.2043,0,0,0,0.91124,0,0,0,0.91124,93.785
1.2046,0,0,0,0.91113,0,0,0,0.91113,93.796
1.2049,0,0,0,0.91101,0,0,0,0.91101,93.807
1.2052,0,0,0,0.9109,0,0,0,0.9109,93.819
1.2055,0,0,0,0.91079,0,0,0,0.91079,93.83
1.2058,0,0,0,0.91067,0,0,0,0.91067,93.842
1.2061,0,0,0,0.91056,0,0,0,0.91056,93.854
1.2064,0,0,0,0.91045,0,0,0,0.91045,93.865
1.2067,0,0,0,0.91033,0,0,0,0.91033,93.877
1.207,0,0,0,0.91022,0,0,0,0.91022,93.889
1.2073,0,0,0,0.91011,0,0,0,0.91011,93.9
1.2076,0,0,0,0.90999,0,0,0,0.90999,93.912
1.2079,0,0,0,0.90988,0,0,0,0.90988,93.924
1.2082,0,0,0,0.90977,0,0,0,0.90977,93.936
1.2085,0,0,0,0.90965,0,0,0,0.90965,93.948
1.2088,0,0,0,0.90954,0,0,0,0.90954,93.96
1.2091,0,0,0,0.90943,0,0,0,0.90943,93.972
1.2094,0,0,0,0.90932,0,0,0,0.90932,93.984
1.2097,0,0,0,0.9092,0,0,0,0.9092,93.996
1.21,0,0,0,0.90909,0,0,0,0.90909,94.008
1.2103,0,0,0,0.90898,0,0,0,0.90898,94.021
1.2106,0,0,0,0.90887,0,0,0,0.90887,94.033
1.2109,0,0,0,0.90875,0,0,0,0.90875,94.045
1.2112,0,0,0,0.90864,0,0,0,0.90864,94.057
1.2115,0,0,0,0.90853,0,0,0,0.90853,94.07
1.2118,0,0,0,0.90842,0,0,0,0.90842,94.082
1.2121,0,0,0,0.9083,0,0,0,0.9083,94.095
1.2124,0,0,0,0.90819,0,0,0,0.90819,94.107
1.2127,0,0,0,0.90808,0,0,0,0.90808,94.12
1.213,0,0,0,0.90797,0,0,0,0.90797,94.133
1.2133,0,0,0,0.90785,0,0,0,0.90785,94.145
1.2136,0,0,0,0.90774,0,0,0,0.90774,94.158
1.2139,0,0,0,0.90763,0,0,0,0.90763,94.171
1.2142,0,0,0,0.90752,0,0,0,0.90752,94.184
1.2145,0,0,0,0.90741,0,0,0,0.90741,94.196
1.2148,0,0,0,0.90729,0,0,0,0.90729,94.209
1.2151,0,0,0,0.90718,0,0,0,0.90718,94.222
1.2154,0,0,0,0.90707,0,0,0,0.90707,94.235
1.2157,0,0,0,0.90696,0,0,0,0.90696,94.248
1.216,0,0,0,0.90685,0,0,0,0.90685,94.262
1.2163,0,0,0,0.90673,0,0,0,0.90673,94.275
1.2166,0,0,0,0.90662,0,0,0,0.90662,94.288
1.2169,0,0,0,0.90651,0,0,0,0.90651,94.301
1.2172,0,0,0,0.9064,0,0,0,0.9064,94.315
1.2175,0,0,0,0.90629,0,0,0,0.90629,94.328
1.2178,0,0,0,0.90617,0,0,0,0.90617,94.341
1.2181,0,0,0,0.90606,0,0,0,0.90606,94.355
1.2184,0,0,0,0.90595,0,0,0,0.90595,94.368
1.2187,0,0,0,0.90584,0,0,0,0.90584,94.382
1.219,0,0,0,0.90573,0,0,0,0.90573,94.396
1.2193,0,0,0,0.90562,0,0,0,0.90562,94.409
1.2196,0,0,0,0.90551,0,0,0,0.90551,94.423
1.2199,0,0,0,0.90539,0,0,0,0.90539,94.437
1.2202,0,0,0,0.90528,0,0,0,0.90528,94.451
1.2205,0,0,0,0.90517,0,0,0,0.90517,94.465
1.2208,0,0,0,0.90506,0,0,0,0.90506,94.479
1.2211,0,0,0,0.90495,0,0,0,0.90495,94.493
1.2214,0,0,0,0.90484,0,0,0,0.90484,94.507
1.2217,0,0,0,0.90473,0,0,0,0.90473,94.521
1.222,0,0,0,0.90462,0,0,0,0.90462,94.535
1.2223,0,0,0,0.90451,0,0,0,0.90451,94.549
1.2226,0,0,0,0.90439,0,0,0,0.90439,94.564
1.2229,0,0,0,0.90428,0,0,0,0.90428,94.578
1.2232,0,0,0,0.90417,0,0,0,0.90417,94.592
1.2235,0,0,0,0.90406,0,0,0,0.90406,94.607
1.2238,0,0,0,0.90395,0,0,0,0.90395,94.621
1.2241,0,0,0,0.90384,0,0,0,0.90384,94.636
1.2244,0,0,0,0.90373,0,0,0,0.90373,94.651
1.2247,0,0,0,0.90362,0,0,0,0.90362,94.665
1.225,0,0,0,0.90351,0,0,0,0.90351,94.68
1.2253,0,0,0,0.9034,0,0,0,0.9034,94.695
1.2256,0,0,0,0.90329,0,0,0,0.90329,94.71
1.2259,0,0,0,0.90318,0,0,0,0.90318,94.725
1.2262,0,0,0,0.90307,0,0,0,0.90307,94.74
1.2265,0,0,0,0.90296,0,0,0,0.90296,94.755
1.2268,0,0,0,0.90284,0,0,0,0.90284,94.77
1.2271,0,0,0,0.90273,0,0,0,0.90273,94.785
1.2274,0,0,0,0.90262,0,0,0,0.90262,94.8
1.2277,0,0,0,0.90251,0,0,0,0.90251,94.816
1.228,0,0,0,0.9024,0,0,0,0.9024,94.831
1.2283,0,0,0,0.90229,0,0,0,0.90229,94.847
1.2286,0,0,0,0.90218,0,0,0,0.90218,94.862
1.2289,0,0,0,0.90207,0,0,0,0.90207,94.878
1.2292,0,0,0,0.90196,0,0,0,0.90196,94.893
1.2295,0,0,0,0.90185,0,0,0,0.90185,94.909
1.2298,0,0,0,0.90174,0,0,0,0.90174,94.925
1.2301,0,0,0,0.90163,0,0,0,0.90163,94.941
1.2304,0,0,0,0.90152,0,0,0,0.90152,94.956
1.2307,0,0,0,0.90141,0,0,0,0.90141,94.972
1.231,0,0,0,0.9013,0,0,0,0.9013,94.988
1.2313,0,0,0,0.90119,0,0,0,0.90119,95.005
1.2316,0,0,0,0.90108,0,0,0,0.90108,95.021
1.2319,0,0,0,0.90097,0,0,0,0.90097,95.037
1.2322,0,0,0,0.90086,0,0,0,0.90086,95.053
1.2325,0,0,0,0.90075,0,0,0,0.90075,95.07
1.2328,0,0,0,0.90065,0,0,0,0.90065,95.086
1.2331,0,0,0,0.90054,0,0,0,0.90054,95.102
1.2334,0,0,0,0.90043,0,0,0,0.90043,95.119
1.2337,0,0,0,0.90032,0,0,0,0.90032,95.136
1.234,0,0,0,0.90021,0,0,0,0.90021,95.152
1.2343,0,0,0,0.9001,0,0,0,0.9001,95.169
1.2346,0,0,0,0.89999,0,0,0,0.89999,95.186
1.2349,0,0,0,0.89988,0,0,0,0.89988,95.203
1.2352,0,0,0,0.89977,0,0,0,0.89977,95.22
1.2355,0,0,0,0.89966,0,0,0,0.89966,95.237
1.2358,0,0,0,0.89955,0,0,0,0.89955,95.254
1.2361,0,0,0,0.89944,0,0,0,0.89944,95.271
1.2364,0,0,0,0.89933,0,0,0,0.89933,95.289
1.2367,0,0,0,0.89922,0,0,0,0.89922,95.306
1.237,0,0,0,0.89911,0,0,0,0.89911,95.323
1.2373,0,0,0,0.89901,0,0,0,0.89901,95.341
1.2376,0,0,0,0.8989,0,0,0,0.8989,95.358
1.2379,0,0,0,0.89879,0,0,0,0.89879,95.376
1.2382,0,0,0,0.89868,0,0,0,0.89868,95.394
1.2385,0,0,0,0.89857,0,0,0,0.89857,95.412
1.2388,0,0,0,0.89846,0,0,0,0.89846,95.43
1.2391,0,0,0,0.89835,0,0,0,0.89835,95.447
1.2394,0,0,0,0.89824,0,0,0,0.89824,95.466
1.2397,0,0,0,0.89814,0,0,0,0.89814,95.484
1.24,0,0,0,0.89803,0,0,0,0.89803,95.502
1.2403,0,0,0,0.89792,0,0,0,0.89792,95.52
1.2406,0,0,0,0.89781,0,0,0,0.89781,95.538
1.2409,0,0,0,0.8977,0,0,0,0.8977,95.557
1.2412,0,0,0,0.89759,0,0,0,0.89759,95.575
1.2415,0,0,0,0.89748,0,0,0,0.89748,95.594
1.2418,0,0,0,0.89738,0,0,0,0.89738,95.613
1.2421,0,0,0,0.89727,0,0,0,0.89727,95.631
1.2424,0,0,0,0.89716,0,0,0,0.89716,95.65
1.2427,0,0,0,0.89705,0,0,0,0.89705,95.669
1.243,0,0,0,0.89694,0,0,0,0.89694,95.688
1.2433,0,0,0,0.89683,0,0,0,0.89683,95.707
1.2436,0,0,0,0.89673,0,0,0,0.89673,95.726
1.2439,0,0,0,0.89662,0,0,0,0.89662,95.746
1.2442,0,0,0,0.89651,0,0,0,0.89651,95.765
1.2445,0,0,0,0.8964,0,0,0,0.8964,95.784
1.2448,0,0,0,0.89629,0,0,0,0.89629,95.804
1.2451,0,0,0,0.89619,0,0,0,0.89619,95.824
1.2454,0,0,0,0.89608,0,0,0,0.89608,95.843
1.2457,0,0,0,0.89597,0,0,0,0.89597,95.863
1.246,0,0,0,0.89586,0,0,0,0.89586,95.883
1.2463,0,0,0,0.89575,0,0,0,0.89575,95.903
1.2466,0,0,0,0.89565,0,0,0,0.89565,95.923
1.2469,0,0,0,0.89554,0,0,0,0.89554,95.943
1.2472,0,0,0,0.89543,0,0,0,0.89543,95.963
1.2475,0,0,0,0.89532,0,0,0,0.89532,95.984
1.2478,0,0,0,0.89522,0,0,0,0.89522,96.004
1.2481,0,0,0,0.89511,0,0,0,0.89511,96.025
1.2484,0,0,0,0.895,0,0,0,0.895,96.045
1.2487,0,0,0,0.89489,0,0,0,0.89489,96.066
1.249,0,0,0,0.89479,0,0,0,0.89479,96.087
1.2493,0,0,0,0.89468,0,0,0,0.89468,96.107
1.2496,0,0,0,0.89457,0,0,0,0.89457,96.128
1.2499,0,0,0,0.89446,0,0,0,0.89446,96.15
1.2502,0,0,0,0.89436,0,0,0,0.89436,96.171
1.2505,0,0,0,0.89425,0,0,0,0.89425,96.192
1.2508,0,0,0,0.89414,0,0,0,0.89414,96.213
1.2511,0,0,0,0.89403,0,0,0,0.89403,96.235
1.2514,0,0,0,0.89393,0,0,0,0.89393,96.256
1.2517,0,0,0,0.89382,0,0,0,0.89382,96.278
1.252,0,0,0,0.89371,0,0,0,0.89371,96.3
1.2523,0,0,0,0.89361,0,0,0,0.89361,96.322
1.2526,0,0,0,0.8935,0,0,0,0.8935,96.344
1.2529,0,0,0,0.89339,0,0,0,0.89339,96.366
1.2532,0,0,0,0.89328,0,0,0,0.89328,96.388
1.2535,0,0,0,0.89318,0,0,0,0.89318,96.41
1.2538,0,0,0,0.89307,0,0,0,0.89307,96.432
1.2541,0,0,0,0.89296,0,0,0,0.89296,96.455
1.2544,0,0,0,0.89286,0,0,0,0.89286,96.477
1.2547,0,0,0,0.89275,0,0,0,0.89275,96.5
1.255,0,0,0,0.89264,0,0,0,0.89264,96.523
1.2553,0,0,0,0.89254,0,0,0,0.89254,96.546
1.2556,0,0,0,0.89243,0,0,0,0.89243,96.569
1.2559,0,0,0,0.89232,0,0,0,0.89232,96.592
1.2562,0,0,0,0.89222,0,0,0,0.89222,96.615
1.2565,0,0,0,0.89211,0,0,0,0.89211,96.639
1.2568,0,0,0,0.892,0,0,0,0.892,96.662
1.2571,0,0,0,0.8919,0,0,0,0.8919,96.686
1.2574,0,0,0,0.89179,0,0,0,0.89179,96.709
1.2577,0,0,0,0.89169,0,0,0,0.89169,96.733
1.258,0,0,0,0.89158,0,0,0,0.89158,96.757
1.2583,0,0,0,0.89147,0,0,0,0.89147,96.781
1.2586,0,0,0,0.89137,0,0,0,0.89137,96.805
1.2589,0,0,0,0.89126,0,0,0,0.89126,96.829
1.2592,0,0,0,0.89115,0,0,0,0.89115,96.854
1.2595,0,0,0,0.89105,0,0,0,0.89105,96.878
1.2598,0,0,0,0.89094,0,0,0,0.89094,96.903
1.2601,0,0,0,0.89084,0,0,0,0.89084,96.927
1.2604,0,0,0,0.89073,0,0,0,0.89073,96.952
1.2607,0,0,0,0.89062,0,0,0,0.89062,96.977
1.261,0,0,0,0.89052,0,0,0,0.89052,97.002
1.2613,0,0,0,0.89041,0,0,0,0.89041,97.027
1.2616,0,0,0,0.89031,0,0,0,0.89031,97.053
1.2619,0,0,0,0.8902,0,0,0,0.8902,97.078
1.2622,0,0,0,0.89009,0,0,0,0.89009,97.104
1.2625,0,0,0,0.88999,0,0,0,0.88999,97.129
1.2628,0,0,0,0.88988,0,0,0,0.88988,97.155
1.2631,0,0,0,0.88978,0,0,0,0.88978,97.181
1.2634,0,0,0,0.88967,0,0,0,0.88967,97.207
1.2637,0,0,0,0.88957,0,0,0,0.88957,97.233
1.264,0,0,0,0.88946,0,0,0,0.88946,97.26
1.2643,0,0,0,0.88935,0,0,0,0.88935,97.286
1.2646,0,0,0,0.88925,0,0,0,0.88925,97.313
1.2649,0,0,0,0.88914,0,0,0,0.88914,97.34
1.2652,0,0,0,0.88904,0,0,0,0.88904,97.366
1.2655,0,0,0,0.88893,0,0,0,0.88893,97.393
1.2658,0,0,0,0.88883,0,0,0,0.88883,97.42
1.2661,0,0,0,0.88872,0,0,0,0.88872,97.448
1.2664,0,0,0,0.88862,0,0,0,0.88862,97.475
1.2667,0,0,0,0.88851,0,0,0,0.88851,97.503
1.267,0,0,0,0.88841,0,0,0,0.88841,97.53
1.2673,0,0,0,0.8883,0,0,0,0.8883,97.558
1.2676,0,0,0,0.8882,0,0,0,0.8882,97.586
1.2679,0,0,0,0.88809,0,0,0,0.88809,97.614
1.2682,0,0,0,0.88799,0,0,0,0.88799,97.642
1.2685,0,0,0,0.88788,0,0,0,0.88788,97.671
1.2688,0,0,0,0.88778,0,0,0,0.88778,97.699
1.2691,0,0,0,0.88767,0,0,0,0.88767,97.728
1.2694,0,0,0,0.88757,0,0,0,0.88757,97.757
1.2697,0,0,0,0.88746,0,0,0,0.88746,97.786
1.27,0,0,0,0.88736,0,0,0,0.88736,97.815
1.2703,0,0,0,0.88725,0,0,0,0.88725,97.844
1.2706,0,0,0,0.88715,0,0,0,0.88715,97.873
1.2709,0,0,0,0.88704,0,0,0,0.88704,97.903
1.2712,0,0,0,0.88694,0,0,0,0.88694,97.932
1.2715,0,0,0,0.88683,0,0,0,0.88683,97.962
1.2718,0,0,0,0.88673,0,0,0,0.88673,97.992
1.2721,0,0,0,0.88662,0,0,0,0.88662,98.022
1.2724,0,0,0,0.88652,0,0,0,0.88652,98.053
1.2727,0,0,0,0.88641,0,0,0,0.88641,98.083
1.273,0,0,0,0.88631,0,0,0,0.88631,98.114
1.2733,0,0,0,0.88621,0,0,0,0.88621,98.144
1.2736,0,0,0,0.8861,0,0,0,0.8861,98.175
1.2739,0,0,0,0.886,0,0,0,0.886,98.206
1.2742,0,0,0,0.88589,0,0,0,0.88589,98.238
1.2745,0,0,0,0.88579,0,0,0,0.88579,98.269
1.2748,0,0,0,0.88568,0,0,0,0.88568,98.301
1.2751,0,0,0,0.88558,0,0,0,0.88558,98.332
1.2754,0,0,0,0.88548,0,0,0,0.88548,98.364
1.2757,0,0,0,0.88537,0,0,0,0.88537,98.396
1.276,0,0,0,0.88527,0,0,0,0.88527,98.429
1.2763,0,0,0,0.88516,0,0,0,0.88516,98.461
1.2766,0,0,0,0.88506,0,0,0,0.88506,98.494
1.2769,0,0,0,0.88496,0,0,0,0.88496,98.526
1.2772,0,0,0,0.88485,0,0,0,0.88485,98.559
1.2775,0,0,0,0.88475,0,0,0,0.88475,98.592
1.2778,0,0,0,0.88464,0,0,0,0.88464,98.626
1.2781,0,0,0,0.88454,0,0,0,0.88454,98.659
1.2784,0,0,0,0.88444,0,0,0,0.88444,98.693
1.2787,0,0,0,0.88433,0,0,0,0.88433,98.726
1.279,0,0,0,0.88423,0,0,0,0.88423,98.76
1.2793,0,0,0,0.88413,0,0,0,0.88413,98.795
1.2796,0,0,0,0.88402,0,0,0,0.88402,98.829
1.2799,0,0,0,0.88392,0,0,0,0.88392,98.863
1.2802,0,0,0,0.88381,0,0,0,0.88381,98.898
1.2805,0,0,0,0.88371,0,0,0,0.88371,98.933
1.2808,0,0,0,0.88361,0,0,0,0.88361,98.968
1.2811,0,0,0,0.8835,0,0,0,0.8835,99.003
1.2814,0,0,0,0.8834,0,0,0,0.8834,99.039
1.2817,0,0,0,0.8833,0,0,0,0.8833,99.074
1.282,0,0,0,0.88319,0,0,0,0.88319,99.11
1.2823,0,0,0,0.88309,0,0,0,0.88309,99.146
1.2826,0,0,0,0.88299,0,0,0,0.88299,99.183
1.2829,0,0,0,0.88288,0,0,0,0.88288,99.219
1.2832,0,0,0,0.88278,0,0,0,0.88278,99.256
1.2835,0,0,0,0.88268,0,0,0,0.88268,99.292
1.2838,0,0,0,0.88257,0,0,0,0.88257,99.329
1.2841,0,0,0,0.88247,0,0,0,0.88247,99.367
1.2844,0,0,0,0.88237,0,0,0,0.88237,99.404
1.2847,0,0,0,0.88227,0,0,0,0.88227,99.442
1.285,0,0,0,0.88216,0,0,0,0.88216,99.479
1.2853,0,0,0,0.88206,0,0,0,0.88206,99.518
1.2856,0,0,0,0.88196,0,0,0,0.88196,99.556
1.2859,0,0,0,0.88185,0,0,0,0.88185,99.594
1.2862,0,0,0,0.88175,0,0,0,0.88175,99.633
1.2865,0,0,0,0.88165,0,0,0,0.88165,99.672
1.2868,0,0,0,0.88154,0,0,0,0.88154,99.711
1.2871,0,0,0,0.88144,0,0,0,0.88144,99.75
1.2874,0,0,0,0.88134,0,0,0,0.88134,99.79
1.2877,0,0,0,0.88124,0,0,0,0.88124,99.829
1.288,0,0,0,0.88113,0,0,0,0.88113,99.869
1.2883,0,0,0,0.88103,0,0,0,0.88103,99.91
1.2886,0,0,0,0.88093,0,0,0,0.88093,99.95
1.2889,0,0,0,0.88083,0,0,0,0.88083,99.991
1.2892,0,0,0,0.88072,0,0,0,0.88072,100.03
1.2895,0,0,0,0.88062,0,0,0,0.88062,100.07
1.2898,0,0,0,0.88052,0,0,0,0.88052,100.11
1.2901,0,0,0,0.88042,0,0,0,0.88042,100.16
1.2904,0,0,0,0.88031,0,0,0,0.88031,100.2
1.2907,0,0,0,0.88021,0,0,0,0.88021,100.24
1.291,0,0,0,0.88011,0,0,0,0.88011,100.28
1.2913,0,0,0,0.88001,0,0,0,0.88001,100.32
1.2916,0,0,0,0.87991,0,0,0,0.87991,100.37
1.2919,0,0,0,0.8798,0,0,0,0.8798,100.41
1.2922,0,0,0,0.8797,0,0,0,0.8797,100.45
1.2925,0,0,0,0.8796,0,0,0,0.8796,100.5
1.2928,0,0,0,0.8795,0,0,0,0.8795,100.54
1.2931,0,0,0,0.87939,0,0,0,0.87939,100.58
1.2934,0,0,0,0.87929,0,0,0,0.87929,100.63
1.2937,0,0,0,0.87919,0,0,0,0.87919,100.67
1.294,0,0,0,0.87909,0,0,0,0.87909,100.72
1.2943,0,0,0,0.87899,0,0,0,0.87899,100.76
1.2946,0,0,0,0.87889,0,0,0,0.87889,100.81
1.2949,0,0,0,0.87878,0,0,0,0.87878,100.85
1.2952,0,0,0,0.87868,0,0,0,0.87868,100.9
1.2955,0,0,0,0.87858,0,0,0,0.87858,100.95
1.2958,0,0,0,0.87848,0,0,0,0.87848,100.99
1.2961,0,0,0,0.87838,0,0,0,0.87838,101.04
1.2964,0,0,0,0.87827,0,0,0,0.87827,101.08
1.2967,0,0,0,0.87817,0,0,0,0.87817,101.13
1.297,0,0,0,0.87807,0,0,0,0.87807,101.18
1.2973,0,0,0,0.87797,0,0,0,0.87797,101.23
1.2976,0,0,0,0.87787,0,0,0,0.87787,101.27
1.2979,0,0,0,0.87777,0,0,0,0.87777,101.32
1.2982,0,0,0,0.87767,0,0,0,0.87767,101.37
1.2985,0,0,0,0.87756,0,0,0,0.87756,101.42
1.2988,0,0,0,0.87746,0,0,0,0.87746,101.47
1.2991,0,0,0,0.87736,0,0,0,0.87736,101.52
1.2994,0,0,0,0.87726,0,0,0,0.87726,101.57
1.2997,0,0,0,0.87716,0,0,0,0.87716,101.62
